[{"model": "admin.logentry", "pk": 5, "fields": {"action_time": "2020-08-15T05:24:00.361Z", "user": 1, "content_type": 7, "object_id": "4", "object_repr": "Phone object (4)", "action_flag": 2, "change_message": "[{\"changed\": {\"fields\": [\"Path to static file\"]}}]"}}, {"model": "admin.logentry", "pk": 6, "fields": {"action_time": "2020-08-15T05:24:07.481Z", "user": 1, "content_type": 7, "object_id": "3", "object_repr": "Phone object (3)", "action_flag": 2, "change_message": "[{\"changed\": {\"fields\": [\"Path to static file\"]}}]"}}, {"model": "admin.logentry", "pk": 7, "fields": {"action_time": "2020-08-15T05:24:13.767Z", "user": 1, "content_type": 7, "object_id": "2", "object_repr": "Phone object (2)", "action_flag": 2, "change_message": "[{\"changed\": {\"fields\": [\"Path to static file\"]}}]"}}, {"model": "admin.logentry", "pk": 8, "fields": {"action_time": "2020-08-15T05:24:20.244Z", "user": 1, "content_type": 7, "object_id": "1", "object_repr": "Phone object (1)", "action_flag": 2, "change_message": "[{\"changed\": {\"fields\": [\"Path to static file\"]}}]"}}, {"model": "admin.logentry", "pk": 9, "fields": {"action_time": "2020-08-15T06:08:54.723Z", "user": 1, "content_type": 7, "object_id": "4", "object_repr": "Phone object (4)", "action_flag": 2, "change_message": "[]"}}, {"model": "admin.logentry", "pk": 10, "fields": {"action_time": "2020-08-15T06:09:05.721Z", "user": 1, "content_type": 7, "object_id": "5", "object_repr": "Phone object (5)", "action_flag": 1, "change_message": "[{\"added\": {}}]"}}, {"model": "admin.logentry", "pk": 11, "fields": {"action_time": "2020-08-15T06:09:17.412Z", "user": 1, "content_type": 7, "object_id": "6", "object_repr": "Phone object (6)", "action_flag": 1, "change_message": "[{\"added\": {}}]"}}, {"model": "admin.logentry", "pk": 12, "fields": {"action_time": "2020-08-15T06:09:27.118Z", "user": 1, "content_type": 7, "object_id": "7", "object_repr": "Phone object (7)", "action_flag": 1, "change_message": "[{\"added\": {}}]"}}, {"model": "admin.logentry", "pk": 13, "fields": {"action_time": "2020-08-15T06:15:03.626Z", "user": 1, "content_type": 7, "object_id": "5", "object_repr": "Phone object (5)", "action_flag": 2, "change_message": "[{\"changed\": {\"fields\": [\"Path to static file\"]}}]"}}, {"model": "admin.logentry", "pk": 14, "fields": {"action_time": "2020-08-15T06:15:17.549Z", "user": 1, "content_type": 7, "object_id": "6", "object_repr": "Phone object (6)", "action_flag": 2, "change_message": "[{\"changed\": {\"fields\": [\"Path to static file\"]}}]"}}, {"model": "admin.logentry", "pk": 15, "fields": {"action_time": "2020-08-15T06:15:25.347Z", "user": 1, "content_type": 7, "object_id": "7", "object_repr": "Phone object (7)", "action_flag": 2, "change_message": "[{\"changed\": {\"fields\": [\"Path to static file\"]}}]"}}, {"model": "admin.logentry", "pk": 16, "fields": {"action_time": "2020-08-15T06:16:18.194Z", "user": 1, "content_type": 7, "object_id": "7", "object_repr": "Phone object (7)", "action_flag": 2, "change_message": "[{\"changed\": {\"fields\": [\"Path to static file\"]}}]"}}, {"model": "admin.logentry", "pk": 17, "fields": {"action_time": "2020-08-15T06:16:21.544Z", "user": 1, "content_type": 7, "object_id": "6", "object_repr": "Phone object (6)", "action_flag": 2, "change_message": "[{\"changed\": {\"fields\": [\"Path to static file\"]}}]"}}, {"model": "admin.logentry", "pk": 18, "fields": {"action_time": "2020-08-15T06:16:24.974Z", "user": 1, "content_type": 7, "object_id": "5", "object_repr": "Phone object (5)", "action_flag": 2, "change_message": "[{\"changed\": {\"fields\": [\"Path to static file\"]}}]"}}, {"model": "admin.logentry", "pk": 19, "fields": {"action_time": "2020-08-15T13:15:02.254Z", "user": 1, "content_type": 7, "object_id": "4", "object_repr": "Phone object (4)", "action_flag": 2, "change_message": "[{\"changed\": {\"fields\": [\"Description\"]}}]"}}, {"model": "admin.logentry", "pk": 20, "fields": {"action_time": "2020-08-15T13:21:44.873Z", "user": 1, "content_type": 7, "object_id": "5", "object_repr": "Phone object (5)", "action_flag": 2, "change_message": "[{\"changed\": {\"fields\": [\"Phone name\", \"Description\", \"Path to static file\"]}}]"}}, {"model": "admin.logentry", "pk": 21, "fields": {"action_time": "2020-08-15T13:21:53.651Z", "user": 1, "content_type": 7, "object_id": "5", "object_repr": "Phone object (5)", "action_flag": 2, "change_message": "[{\"changed\": {\"fields\": [\"Phone name\"]}}]"}}, {"model": "admin.logentry", "pk": 22, "fields": {"action_time": "2020-08-15T13:24:30.421Z", "user": 1, "content_type": 7, "object_id": "6", "object_repr": "Phone object (6)", "action_flag": 2, "change_message": "[{\"changed\": {\"fields\": [\"Phone name\", \"Description\", \"Path to static file\"]}}]"}}, {"model": "admin.logentry", "pk": 23, "fields": {"action_time": "2020-08-15T13:24:36.508Z", "user": 1, "content_type": 7, "object_id": "5", "object_repr": "Phone object (5)", "action_flag": 2, "change_message": "[]"}}, {"model": "admin.logentry", "pk": 24, "fields": {"action_time": "2020-08-15T13:27:15.364Z", "user": 1, "content_type": 7, "object_id": "7", "object_repr": "Phone object (7)", "action_flag": 2, "change_message": "[{\"changed\": {\"fields\": [\"Phone name\", \"Description\", \"Path to static file\"]}}]"}}, {"model": "admin.logentry", "pk": 25, "fields": {"action_time": "2020-08-15T14:07:22.575Z", "user": 1, "content_type": 8, "object_id": "1", "object_repr": "WeCanHelpYou object (1)", "action_flag": 1, "change_message": "[{\"added\": {}}]"}}, {"model": "admin.logentry", "pk": 26, "fields": {"action_time": "2020-08-15T15:06:02.412Z", "user": 1, "content_type": 4, "object_id": "3", "object_repr": "std_user", "action_flag": 1, "change_message": "[{\"added\": {}}]"}}, {"model": "admin.logentry", "pk": 27, "fields": {"action_time": "2020-08-15T15:06:43.935Z", "user": 1, "content_type": 4, "object_id": "3", "object_repr": "std_user", "action_flag": 2, "change_message": "[{\"changed\": {\"fields\": [\"Email address\"]}}]"}}, {"model": "admin.logentry", "pk": 28, "fields": {"action_time": "2020-08-15T16:54:02.723Z", "user": 1, "content_type": 9, "object_id": "1", "object_repr": "CartCompanion object (1)", "action_flag": 1, "change_message": "[{\"added\": {}}, {\"added\": {\"name\": \"cartcompanion-phone relationship\", \"object\": \"CartCompanion_cart object (1)\"}}, {\"added\": {\"name\": \"cartcompanion-phone relationship\", \"object\": \"CartCompanion_cart object (2)\"}}]"}}, {"model": "admin.logentry", "pk": 29, "fields": {"action_time": "2020-08-15T19:15:08.861Z", "user": 1, "content_type": 9, "object_id": "1", "object_repr": "CartCompanion object (1)", "action_flag": 2, "change_message": "[]"}}, {"model": "admin.logentry", "pk": 30, "fields": {"action_time": "2020-08-15T19:15:16.625Z", "user": 1, "content_type": 9, "object_id": "2", "object_repr": "CartCompanion object (2)", "action_flag": 1, "change_message": "[{\"added\": {}}, {\"added\": {\"name\": \"cartcompanion-phone relationship\", \"object\": \"CartCompanion_cart object (3)\"}}]"}}, {"model": "admin.logentry", "pk": 31, "fields": {"action_time": "2020-08-16T05:07:33.010Z", "user": 1, "content_type": 9, "object_id": "2", "object_repr": "CartCompanion object (2)", "action_flag": 3, "change_message": ""}}, {"model": "admin.logentry", "pk": 32, "fields": {"action_time": "2020-08-16T05:08:19.125Z", "user": 1, "content_type": 9, "object_id": "3", "object_repr": "CartCompanion object (3)", "action_flag": 3, "change_message": ""}}, {"model": "admin.logentry", "pk": 33, "fields": {"action_time": "2020-08-16T05:08:39.952Z", "user": 1, "content_type": 9, "object_id": "4", "object_repr": "CartCompanion object (4)", "action_flag": 3, "change_message": ""}}, {"model": "admin.logentry", "pk": 34, "fields": {"action_time": "2020-08-16T05:21:16.402Z", "user": 1, "content_type": 7, "object_id": "8", "object_repr": "Phone object (8)", "action_flag": 1, "change_message": "[{\"added\": {}}]"}}, {"model": "admin.logentry", "pk": 35, "fields": {"action_time": "2020-08-16T05:21:37.744Z", "user": 1, "content_type": 7, "object_id": "8", "object_repr": "Phone object (8)", "action_flag": 2, "change_message": "[{\"changed\": {\"fields\": [\"Description\"]}}]"}}, {"model": "admin.logentry", "pk": 36, "fields": {"action_time": "2020-08-16T07:08:15.056Z", "user": 1, "content_type": 10, "object_id": "1", "object_repr": "Article object (1)", "action_flag": 1, "change_message": "[{\"added\": {}}, {\"added\": {\"name\": \"article-phone relationship\", \"object\": \"Article_phones object (1)\"}}, {\"added\": {\"name\": \"article-phone relationship\", \"object\": \"Article_phones object (2)\"}}, {\"added\": {\"name\": \"article-phone relationship\", \"object\": \"Article_phones object (3)\"}}]"}}, {"model": "admin.logentry", "pk": 37, "fields": {"action_time": "2020-08-16T07:08:39.998Z", "user": 1, "content_type": 10, "object_id": "2", "object_repr": "Article object (2)", "action_flag": 1, "change_message": "[{\"added\": {}}, {\"added\": {\"name\": \"article-phone relationship\", \"object\": \"Article_phones object (4)\"}}]"}}, {"model": "admin.logentry", "pk": 38, "fields": {"action_time": "2020-08-16T07:18:23.169Z", "user": 1, "content_type": 10, "object_id": "1", "object_repr": "Добро пожаловать на сайт просто магазина(v)", "action_flag": 2, "change_message": "[{\"changed\": {\"fields\": [\"Publish date\"]}}]"}}, {"model": "admin.logentry", "pk": 39, "fields": {"action_time": "2020-08-16T07:25:37.931Z", "user": 1, "content_type": 10, "object_id": "3", "object_repr": "Подборка телефонов(v)", "action_flag": 1, "change_message": "[{\"added\": {}}, {\"added\": {\"name\": \"article-phone relationship\", \"object\": \"Article_phones object (5)\"}}, {\"added\": {\"name\": \"article-phone relationship\", \"object\": \"Article_phones object (6)\"}}, {\"added\": {\"name\": \"article-phone relationship\", \"object\": \"Article_phones object (7)\"}}, {\"added\": {\"name\": \"article-phone relationship\", \"object\": \"Article_phones object (8)\"}}]"}}, {"model": "admin.logentry", "pk": 40, "fields": {"action_time": "2020-08-16T09:03:41.137Z", "user": 1, "content_type": 4, "object_id": "2", "object_repr": "admin", "action_flag": 2, "change_message": "[{\"changed\": {\"fields\": [\"password\"]}}]"}}, {"model": "admin.logentry", "pk": 41, "fields": {"action_time": "2020-08-16T09:19:58.729Z", "user": 1, "content_type": 4, "object_id": "2", "object_repr": "admin", "action_flag": 3, "change_message": ""}}, {"model": "admin.logentry", "pk": 42, "fields": {"action_time": "2020-08-16T09:45:21.079Z", "user": 1, "content_type": 7, "object_id": "8", "object_repr": "Фуфайка", "action_flag": 2, "change_message": "[{\"changed\": {\"fields\": [\"Type\"]}}]"}}, {"model": "admin.logentry", "pk": 43, "fields": {"action_time": "2020-08-16T10:00:08.484Z", "user": 1, "content_type": 7, "object_id": "8", "object_repr": "Фуфайка", "action_flag": 2, "change_message": "[{\"changed\": {\"fields\": [\"Type\"]}}]"}}, {"model": "admin.logentry", "pk": 44, "fields": {"action_time": "2020-08-16T10:31:58.363Z", "user": 1, "content_type": 12, "object_id": "1", "object_repr": "SiteField object (1)", "action_flag": 1, "change_message": "[{\"added\": {}}]"}}, {"model": "admin.logentry", "pk": 45, "fields": {"action_time": "2020-08-16T11:00:12.090Z", "user": 1, "content_type": 12, "object_id": "2", "object_repr": "Смартфоны", "action_flag": 1, "change_message": "[{\"added\": {}}]"}}, {"model": "admin.logentry", "pk": 46, "fields": {"action_time": "2020-08-16T11:00:21.486Z", "user": 1, "content_type": 12, "object_id": "3", "object_repr": "Гаджеты", "action_flag": 1, "change_message": "[{\"added\": {}}]"}}, {"model": "admin.logentry", "pk": 47, "fields": {"action_time": "2020-08-16T11:01:07.973Z", "user": 1, "content_type": 12, "object_id": "1", "object_repr": "Главная", "action_flag": 2, "change_message": "[{\"changed\": {\"fields\": [\"Dropdown fields\"]}}]"}}, {"model": "admin.logentry", "pk": 48, "fields": {"action_time": "2020-08-16T11:01:40.321Z", "user": 1, "content_type": 12, "object_id": "3", "object_repr": "Гаджеты", "action_flag": 2, "change_message": "[]"}}, {"model": "admin.logentry", "pk": 49, "fields": {"action_time": "2020-08-16T11:04:30.208Z", "user": 1, "content_type": 12, "object_id": "1", "object_repr": "Главная", "action_flag": 2, "change_message": "[{\"changed\": {\"fields\": [\"Dropdown fields\"]}}]"}}, {"model": "admin.logentry", "pk": 50, "fields": {"action_time": "2020-08-16T11:08:41.062Z", "user": 1, "content_type": 12, "object_id": "2", "object_repr": "Смартфоны", "action_flag": 2, "change_message": "[{\"changed\": {\"fields\": [\"Handler\"]}}]"}}, {"model": "admin.logentry", "pk": 51, "fields": {"action_time": "2020-08-16T11:08:46.522Z", "user": 1, "content_type": 12, "object_id": "1", "object_repr": "Главная", "action_flag": 2, "change_message": "[{\"changed\": {\"fields\": [\"Handler\"]}}]"}}, {"model": "admin.logentry", "pk": 52, "fields": {"action_time": "2020-08-16T11:10:06.772Z", "user": 1, "content_type": 12, "object_id": "4", "object_repr": "Акксессуары", "action_flag": 1, "change_message": "[{\"added\": {}}]"}}, {"model": "admin.logentry", "pk": 53, "fields": {"action_time": "2020-08-16T11:10:26.321Z", "user": 1, "content_type": 12, "object_id": "4", "object_repr": "Аксессуары", "action_flag": 2, "change_message": "[{\"changed\": {\"fields\": [\"Field name\", \"Handler\"]}}]"}}, {"model": "admin.logentry", "pk": 54, "fields": {"action_time": "2020-08-16T11:18:02.086Z", "user": 1, "content_type": 12, "object_id": "5", "object_repr": "Консоли", "action_flag": 1, "change_message": "[{\"added\": {}}]"}}, {"model": "admin.logentry", "pk": 55, "fields": {"action_time": "2020-08-16T11:18:11.210Z", "user": 1, "content_type": 12, "object_id": "3", "object_repr": "Гаджеты", "action_flag": 2, "change_message": "[{\"changed\": {\"fields\": [\"Dropdown fields\"]}}]"}}, {"model": "admin.logentry", "pk": 56, "fields": {"action_time": "2020-08-16T11:23:45.206Z", "user": 1, "content_type": 7, "object_id": "9", "object_repr": "Nintendo Switch", "action_flag": 1, "change_message": "[{\"added\": {}}]"}}, {"model": "admin.logentry", "pk": 57, "fields": {"action_time": "2020-08-16T11:25:03.628Z", "user": 1, "content_type": 7, "object_id": "10", "object_repr": "Nintendo Switch Lite", "action_flag": 1, "change_message": "[{\"added\": {}}]"}}, {"model": "admin.logentry", "pk": 58, "fields": {"action_time": "2020-08-16T11:25:48.772Z", "user": 1, "content_type": 7, "object_id": "11", "object_repr": "Xbox One X", "action_flag": 1, "change_message": "[{\"added\": {}}]"}}, {"model": "admin.logentry", "pk": 59, "fields": {"action_time": "2020-08-16T11:25:55.666Z", "user": 1, "content_type": 7, "object_id": "10", "object_repr": "Nintendo Switch Lite", "action_flag": 2, "change_message": "[{\"changed\": {\"fields\": [\"Type\"]}}]"}}, {"model": "admin.logentry", "pk": 60, "fields": {"action_time": "2020-08-16T11:28:18.221Z", "user": 1, "content_type": 7, "object_id": "12", "object_repr": "Xbox One S", "action_flag": 1, "change_message": "[{\"added\": {}}]"}}, {"model": "admin.logentry", "pk": 61, "fields": {"action_time": "2020-08-16T11:31:50.666Z", "user": 1, "content_type": 7, "object_id": "13", "object_repr": "PlayStation 4 Pro", "action_flag": 1, "change_message": "[{\"added\": {}}]"}}, {"model": "admin.logentry", "pk": 62, "fields": {"action_time": "2020-08-16T11:32:27.447Z", "user": 1, "content_type": 7, "object_id": "14", "object_repr": "PlayStation 4 Slim", "action_flag": 1, "change_message": "[{\"added\": {}}]"}}, {"model": "admin.logentry", "pk": 63, "fields": {"action_time": "2020-08-16T11:32:33.476Z", "user": 1, "content_type": 7, "object_id": "13", "object_repr": "PlayStation 4 Pro", "action_flag": 2, "change_message": "[{\"changed\": {\"fields\": [\"Type\"]}}]"}}, {"model": "admin.logentry", "pk": 64, "fields": {"action_time": "2020-08-16T11:50:04.830Z", "user": 1, "content_type": 11, "object_id": "1", "object_repr": "Иван(Nintendo Switch)", "action_flag": 1, "change_message": "[{\"added\": {}}]"}}, {"model": "admin.logentry", "pk": 65, "fields": {"action_time": "2020-08-16T12:38:34.964Z", "user": 1, "content_type": 11, "object_id": "2", "object_repr": "Миша(Nintendo Switch)", "action_flag": 2, "change_message": "[{\"changed\": {\"fields\": [\"Publish date\"]}}]"}}, {"model": "admin.logentry", "pk": 66, "fields": {"action_time": "2020-08-16T12:39:56.266Z", "user": 1, "content_type": 11, "object_id": "2", "object_repr": "Миша(Nintendo Switch)", "action_flag": 2, "change_message": "[{\"changed\": {\"fields\": [\"Content\"]}}]"}}, {"model": "admin.logentry", "pk": 67, "fields": {"action_time": "2020-08-16T13:15:33.759Z", "user": 1, "content_type": 9, "object_id": "5", "object_repr": "CartCompanion object (5)", "action_flag": 3, "change_message": ""}}, {"model": "admin.logentry", "pk": 68, "fields": {"action_time": "2020-08-16T13:15:33.765Z", "user": 1, "content_type": 9, "object_id": "1", "object_repr": "CartCompanion object (1)", "action_flag": 3, "change_message": ""}}, {"model": "admin.logentry", "pk": 69, "fields": {"action_time": "2020-08-16T13:24:54.342Z", "user": 1, "content_type": 9, "object_id": "1", "object_repr": "CartCompanion object (1)", "action_flag": 3, "change_message": ""}}, {"model": "admin.logentry", "pk": 70, "fields": {"action_time": "2020-08-16T13:29:24.532Z", "user": 1, "content_type": 9, "object_id": "2", "object_repr": "CartCompanion object (2)", "action_flag": 3, "change_message": ""}}, {"model": "admin.logentry", "pk": 71, "fields": {"action_time": "2020-08-16T14:05:54.218Z", "user": 1, "content_type": 13, "object_id": "1", "object_repr": "Order object (1)", "action_flag": 3, "change_message": ""}}, {"model": "admin.logentry", "pk": 72, "fields": {"action_time": "2020-08-16T16:08:11.072Z", "user": 1, "content_type": 7, "object_id": "15", "object_repr": "27” LED-монитор F27T850QWI", "action_flag": 1, "change_message": "[{\"added\": {}}]"}}, {"model": "admin.logentry", "pk": 73, "fields": {"action_time": "2020-08-16T16:10:06.820Z", "user": 1, "content_type": 12, "object_id": "6", "object_repr": "Мониторы", "action_flag": 1, "change_message": "[{\"added\": {}}]"}}, {"model": "admin.logentry", "pk": 74, "fields": {"action_time": "2020-08-16T16:10:12.201Z", "user": 1, "content_type": 12, "object_id": "3", "object_repr": "Гаджеты", "action_flag": 2, "change_message": "[{\"changed\": {\"fields\": [\"Dropdown fields\"]}}]"}}, {"model": "admin.logentry", "pk": 75, "fields": {"action_time": "2020-08-19T11:01:45.057Z", "user": 1, "content_type": 17, "object_id": "1", "object_repr": "View object (1)", "action_flag": 1, "change_message": "[{\"added\": {}}]"}}, {"model": "admin.logentry", "pk": 76, "fields": {"action_time": "2020-08-19T11:03:55.202Z", "user": 1, "content_type": 16, "object_id": "1", "object_repr": "Type object (1)", "action_flag": 1, "change_message": "[{\"added\": {}}]"}}, {"model": "admin.logentry", "pk": 77, "fields": {"action_time": "2020-08-19T11:04:22.141Z", "user": 1, "content_type": 16, "object_id": "2", "object_repr": "Consoles", "action_flag": 1, "change_message": "[{\"added\": {}}]"}}, {"model": "admin.logentry", "pk": 78, "fields": {"action_time": "2020-08-19T11:04:48.330Z", "user": 1, "content_type": 16, "object_id": "3", "object_repr": "Acessory", "action_flag": 1, "change_message": "[{\"added\": {}}]"}}, {"model": "admin.logentry", "pk": 79, "fields": {"action_time": "2020-08-19T11:04:54.211Z", "user": 1, "content_type": 16, "object_id": "2", "object_repr": "Console", "action_flag": 2, "change_message": "[{\"changed\": {\"fields\": [\"Name\"]}}]"}}, {"model": "admin.logentry", "pk": 80, "fields": {"action_time": "2020-08-19T11:05:15.459Z", "user": 1, "content_type": 16, "object_id": "4", "object_repr": "Monitor", "action_flag": 1, "change_message": "[{\"added\": {}}]"}}, {"model": "admin.logentry", "pk": 81, "fields": {"action_time": "2020-08-19T11:05:29.298Z", "user": 1, "content_type": 16, "object_id": "5", "object_repr": "Other", "action_flag": 1, "change_message": "[{\"added\": {}}]"}}, {"model": "admin.logentry", "pk": 82, "fields": {"action_time": "2020-08-19T11:25:04.468Z", "user": 1, "content_type": 18, "object_id": "1", "object_repr": "monitors", "action_flag": 1, "change_message": "[{\"added\": {}}]"}}, {"model": "admin.logentry", "pk": 83, "fields": {"action_time": "2020-08-19T11:52:02.390Z", "user": 1, "content_type": 17, "object_id": "1", "object_repr": "Консоли", "action_flag": 2, "change_message": "[{\"changed\": {\"fields\": [\"Link\"]}}]"}}, {"model": "admin.logentry", "pk": 84, "fields": {"action_time": "2020-08-19T12:01:46.835Z", "user": 1, "content_type": 17, "object_id": "2", "object_repr": "Смартфоны", "action_flag": 1, "change_message": "[{\"added\": {}}]"}}, {"model": "admin.logentry", "pk": 85, "fields": {"action_time": "2020-08-19T12:03:29.610Z", "user": 1, "content_type": 17, "object_id": "3", "object_repr": "Мониторы", "action_flag": 1, "change_message": "[{\"added\": {}}]"}}, {"model": "admin.logentry", "pk": 86, "fields": {"action_time": "2020-08-19T12:03:56.595Z", "user": 1, "content_type": 17, "object_id": "4", "object_repr": "Аксессуары", "action_flag": 1, "change_message": "[{\"added\": {}}]"}}, {"model": "admin.logentry", "pk": 87, "fields": {"action_time": "2020-08-19T12:27:10.089Z", "user": 1, "content_type": 17, "object_id": "5", "object_repr": "Больше, чем люди", "action_flag": 1, "change_message": "[{\"added\": {}}]"}}, {"model": "admin.logentry", "pk": 88, "fields": {"action_time": "2020-08-19T12:27:46.221Z", "user": 1, "content_type": 12, "object_id": "7", "object_repr": "Больше, чем люди", "action_flag": 1, "change_message": "[{\"added\": {}}]"}}, {"model": "admin.logentry", "pk": 89, "fields": {"action_time": "2020-08-19T12:28:13.527Z", "user": 1, "content_type": 12, "object_id": "7", "object_repr": "Больше, чем люди", "action_flag": 2, "change_message": "[{\"changed\": {\"fields\": [\"Handler\"]}}]"}}, {"model": "admin.logentry", "pk": 90, "fields": {"action_time": "2020-08-21T16:09:14.866Z", "user": 1, "content_type": 7, "object_id": "1", "object_repr": "Nexus 5X", "action_flag": 2, "change_message": "[{\"changed\": {\"fields\": [\"Type\"]}}]"}}, {"model": "admin.logentry", "pk": 91, "fields": {"action_time": "2020-08-21T16:09:23.172Z", "user": 1, "content_type": 7, "object_id": "2", "object_repr": "iPhone 7", "action_flag": 2, "change_message": "[{\"changed\": {\"fields\": [\"Type\"]}}]"}}, {"model": "admin.logentry", "pk": 92, "fields": {"action_time": "2020-08-21T16:09:32.604Z", "user": 1, "content_type": 7, "object_id": "3", "object_repr": "Pixel 2", "action_flag": 2, "change_message": "[{\"changed\": {\"fields\": [\"Type\"]}}]"}}, {"model": "admin.logentry", "pk": 93, "fields": {"action_time": "2020-08-21T16:09:45.372Z", "user": 1, "content_type": 7, "object_id": "4", "object_repr": "Samsung Galaxy S8", "action_flag": 2, "change_message": "[{\"changed\": {\"fields\": [\"Type\"]}}]"}}, {"model": "admin.logentry", "pk": 94, "fields": {"action_time": "2020-08-21T16:10:01.584Z", "user": 1, "content_type": 7, "object_id": "5", "object_repr": "Xiaomi Redmi Note 7", "action_flag": 2, "change_message": "[{\"changed\": {\"fields\": [\"Type\"]}}]"}}, {"model": "admin.logentry", "pk": 95, "fields": {"action_time": "2020-08-21T16:10:09.985Z", "user": 1, "content_type": 7, "object_id": "6", "object_repr": "Nokia 5.3", "action_flag": 2, "change_message": "[{\"changed\": {\"fields\": [\"Type\"]}}]"}}, {"model": "admin.logentry", "pk": 96, "fields": {"action_time": "2020-08-21T16:10:16.886Z", "user": 1, "content_type": 7, "object_id": "7", "object_repr": "Honor 20 Lite", "action_flag": 2, "change_message": "[{\"changed\": {\"fields\": [\"Type\"]}}]"}}, {"model": "admin.logentry", "pk": 97, "fields": {"action_time": "2020-08-21T16:10:37.642Z", "user": 1, "content_type": 12, "object_id": "2", "object_repr": "Смартфоны", "action_flag": 2, "change_message": "[{\"changed\": {\"fields\": [\"Phone type\"]}}]"}}, {"model": "admin.logentry", "pk": 98, "fields": {"action_time": "2020-08-24T13:44:19.241Z", "user": 1, "content_type": 12, "object_id": "1", "object_repr": "Главная", "action_flag": 2, "change_message": "[{\"changed\": {\"fields\": [\"Exclude\"]}}]"}}, {"model": "admin.logentry", "pk": 99, "fields": {"action_time": "2020-08-24T13:47:49.067Z", "user": 1, "content_type": 12, "object_id": "1", "object_repr": "Главная", "action_flag": 2, "change_message": "[{\"changed\": {\"fields\": [\"View\"]}}]"}}, {"model": "admin.logentry", "pk": 100, "fields": {"action_time": "2020-08-24T13:53:20.018Z", "user": 1, "content_type": 12, "object_id": "2", "object_repr": "Смартфоны", "action_flag": 2, "change_message": "[]"}}, {"model": "admin.logentry", "pk": 101, "fields": {"action_time": "2020-08-26T15:18:34.570Z", "user": 1, "content_type": 12, "object_id": "1", "object_repr": "Главная", "action_flag": 2, "change_message": "[{\"changed\": {\"fields\": [\"Handler\"]}}]"}}, {"model": "admin.logentry", "pk": 102, "fields": {"action_time": "2020-08-26T15:21:40.696Z", "user": 1, "content_type": 12, "object_id": "1", "object_repr": "Главная", "action_flag": 2, "change_message": "[{\"changed\": {\"fields\": [\"Handler\", \"View\"]}}]"}}, {"model": "admin.logentry", "pk": 103, "fields": {"action_time": "2020-08-26T16:11:29.035Z", "user": 1, "content_type": 12, "object_id": "2", "object_repr": "Смартфоны", "action_flag": 2, "change_message": "[]"}}, {"model": "admin.logentry", "pk": 104, "fields": {"action_time": "2020-08-27T05:31:33.711Z", "user": 1, "content_type": 12, "object_id": "5", "object_repr": "Консоли", "action_flag": 2, "change_message": "[{\"changed\": {\"fields\": [\"Handler\"]}}]"}}, {"model": "admin.logentry", "pk": 105, "fields": {"action_time": "2020-08-27T05:32:24.121Z", "user": 1, "content_type": 12, "object_id": "5", "object_repr": "Консоли", "action_flag": 2, "change_message": "[{\"changed\": {\"fields\": [\"Handler\"]}}]"}}, {"model": "admin.logentry", "pk": 106, "fields": {"action_time": "2020-08-27T05:33:02.361Z", "user": 1, "content_type": 12, "object_id": "6", "object_repr": "Мониторы", "action_flag": 2, "change_message": "[{\"changed\": {\"fields\": [\"Handler\"]}}]"}}, {"model": "admin.logentry", "pk": 107, "fields": {"action_time": "2020-08-27T05:48:51.627Z", "user": 1, "content_type": 12, "object_id": "5", "object_repr": "Консоли", "action_flag": 2, "change_message": "[{\"changed\": {\"fields\": [\"Phone type\"]}}]"}}, {"model": "admin.logentry", "pk": 108, "fields": {"action_time": "2020-08-27T05:51:15.327Z", "user": 1, "content_type": 12, "object_id": "2", "object_repr": "Смартфоны", "action_flag": 2, "change_message": "[]"}}, {"model": "admin.logentry", "pk": 109, "fields": {"action_time": "2020-08-27T05:52:55.548Z", "user": 1, "content_type": 12, "object_id": "6", "object_repr": "Мониторы", "action_flag": 2, "change_message": "[{\"changed\": {\"fields\": [\"Phone type\"]}}]"}}, {"model": "admin.logentry", "pk": 110, "fields": {"action_time": "2020-08-27T05:53:05.249Z", "user": 1, "content_type": 12, "object_id": "4", "object_repr": "Аксессуары", "action_flag": 2, "change_message": "[{\"changed\": {\"fields\": [\"Phone type\"]}}]"}}, {"model": "admin.logentry", "pk": 111, "fields": {"action_time": "2020-08-27T05:53:17.969Z", "user": 1, "content_type": 12, "object_id": "3", "object_repr": "Гаджеты", "action_flag": 2, "change_message": "[{\"changed\": {\"fields\": [\"Phone type\"]}}]"}}, {"model": "admin.logentry", "pk": 112, "fields": {"action_time": "2020-08-27T05:53:24.353Z", "user": 1, "content_type": 12, "object_id": "1", "object_repr": "Главная", "action_flag": 2, "change_message": "[{\"changed\": {\"fields\": [\"Phone type\"]}}]"}}, {"model": "admin.logentry", "pk": 113, "fields": {"action_time": "2020-08-27T05:53:33.397Z", "user": 1, "content_type": 12, "object_id": "7", "object_repr": "Больше, чем люди", "action_flag": 3, "change_message": ""}}, {"model": "admin.logentry", "pk": 114, "fields": {"action_time": "2020-08-27T05:55:42.399Z", "user": 1, "content_type": 7, "object_id": "8", "object_repr": "Фуфайка", "action_flag": 2, "change_message": "[{\"changed\": {\"fields\": [\"Type\"]}}]"}}, {"model": "admin.logentry", "pk": 115, "fields": {"action_time": "2020-08-27T05:55:51.267Z", "user": 1, "content_type": 7, "object_id": "9", "object_repr": "Nintendo Switch", "action_flag": 2, "change_message": "[{\"changed\": {\"fields\": [\"Type\"]}}]"}}, {"model": "admin.logentry", "pk": 116, "fields": {"action_time": "2020-08-27T05:56:01.873Z", "user": 1, "content_type": 7, "object_id": "10", "object_repr": "Nintendo Switch Lite", "action_flag": 2, "change_message": "[{\"changed\": {\"fields\": [\"Type\"]}}]"}}, {"model": "admin.logentry", "pk": 117, "fields": {"action_time": "2020-08-27T05:56:10.524Z", "user": 1, "content_type": 7, "object_id": "11", "object_repr": "Xbox One X", "action_flag": 2, "change_message": "[{\"changed\": {\"fields\": [\"Type\"]}}]"}}, {"model": "admin.logentry", "pk": 118, "fields": {"action_time": "2020-08-27T05:56:17.874Z", "user": 1, "content_type": 7, "object_id": "12", "object_repr": "Xbox One S", "action_flag": 2, "change_message": "[{\"changed\": {\"fields\": [\"Type\"]}}]"}}, {"model": "admin.logentry", "pk": 119, "fields": {"action_time": "2020-08-27T05:56:23.802Z", "user": 1, "content_type": 7, "object_id": "13", "object_repr": "PlayStation 4 Pro", "action_flag": 2, "change_message": "[{\"changed\": {\"fields\": [\"Type\"]}}]"}}, {"model": "admin.logentry", "pk": 120, "fields": {"action_time": "2020-08-27T05:56:28.164Z", "user": 1, "content_type": 7, "object_id": "13", "object_repr": "PlayStation 4 Pro", "action_flag": 2, "change_message": "[{\"changed\": {\"fields\": [\"Type\"]}}]"}}, {"model": "admin.logentry", "pk": 121, "fields": {"action_time": "2020-08-27T05:56:33.772Z", "user": 1, "content_type": 7, "object_id": "14", "object_repr": "PlayStation 4 Slim", "action_flag": 2, "change_message": "[{\"changed\": {\"fields\": [\"Type\"]}}]"}}, {"model": "admin.logentry", "pk": 122, "fields": {"action_time": "2020-08-27T05:56:39.098Z", "user": 1, "content_type": 7, "object_id": "15", "object_repr": "27” LED-монитор F27T850QWI", "action_flag": 2, "change_message": "[{\"changed\": {\"fields\": [\"Type\"]}}]"}}, {"model": "admin.logentry", "pk": 123, "fields": {"action_time": "2020-08-27T05:56:51.000Z", "user": 1, "content_type": 12, "object_id": "4", "object_repr": "Аксессуары", "action_flag": 2, "change_message": "[{\"changed\": {\"fields\": [\"Phone type\"]}}]"}}, {"model": "admin.logentry", "pk": 124, "fields": {"action_time": "2020-08-27T05:56:54.200Z", "user": 1, "content_type": 12, "object_id": "6", "object_repr": "Мониторы", "action_flag": 2, "change_message": "[{\"changed\": {\"fields\": [\"Phone type\"]}}]"}}, {"model": "admin.logentry", "pk": 125, "fields": {"action_time": "2020-08-27T05:56:59.624Z", "user": 1, "content_type": 12, "object_id": "5", "object_repr": "Консоли", "action_flag": 2, "change_message": "[]"}}, {"model": "admin.logentry", "pk": 126, "fields": {"action_time": "2020-08-27T05:57:03.285Z", "user": 1, "content_type": 12, "object_id": "1", "object_repr": "Главная", "action_flag": 2, "change_message": "[]"}}, {"model": "admin.logentry", "pk": 127, "fields": {"action_time": "2020-08-27T05:57:25.571Z", "user": 1, "content_type": 12, "object_id": "4", "object_repr": "Аксессуары", "action_flag": 2, "change_message": "[{\"changed\": {\"fields\": [\"Handler\"]}}]"}}, {"model": "admin.logentry", "pk": 128, "fields": {"action_time": "2020-08-27T06:02:10.554Z", "user": 1, "content_type": 12, "object_id": "1", "object_repr": "Главная", "action_flag": 2, "change_message": "[{\"changed\": {\"fields\": [\"Phone type\"]}}]"}}, {"model": "admin.logentry", "pk": 129, "fields": {"action_time": "2020-08-27T06:02:16.561Z", "user": 1, "content_type": 12, "object_id": "3", "object_repr": "Гаджеты", "action_flag": 2, "change_message": "[{\"changed\": {\"fields\": [\"Phone type\"]}}]"}}, {"model": "auth.permission", "pk": 1, "fields": {"name": "Can add log entry", "content_type": 1, "codename": "add_logentry"}}, {"model": "auth.permission", "pk": 2, "fields": {"name": "Can change log entry", "content_type": 1, "codename": "change_logentry"}}, {"model": "auth.permission", "pk": 3, "fields": {"name": "Can delete log entry", "content_type": 1, "codename": "delete_logentry"}}, {"model": "auth.permission", "pk": 4, "fields": {"name": "Can view log entry", "content_type": 1, "codename": "view_logentry"}}, {"model": "auth.permission", "pk": 5, "fields": {"name": "Can add permission", "content_type": 2, "codename": "add_permission"}}, {"model": "auth.permission", "pk": 6, "fields": {"name": "Can change permission", "content_type": 2, "codename": "change_permission"}}, {"model": "auth.permission", "pk": 7, "fields": {"name": "Can delete permission", "content_type": 2, "codename": "delete_permission"}}, {"model": "auth.permission", "pk": 8, "fields": {"name": "Can view permission", "content_type": 2, "codename": "view_permission"}}, {"model": "auth.permission", "pk": 9, "fields": {"name": "Can add group", "content_type": 3, "codename": "add_group"}}, {"model": "auth.permission", "pk": 10, "fields": {"name": "Can change group", "content_type": 3, "codename": "change_group"}}, {"model": "auth.permission", "pk": 11, "fields": {"name": "Can delete group", "content_type": 3, "codename": "delete_group"}}, {"model": "auth.permission", "pk": 12, "fields": {"name": "Can view group", "content_type": 3, "codename": "view_group"}}, {"model": "auth.permission", "pk": 13, "fields": {"name": "Can add user", "content_type": 4, "codename": "add_user"}}, {"model": "auth.permission", "pk": 14, "fields": {"name": "Can change user", "content_type": 4, "codename": "change_user"}}, {"model": "auth.permission", "pk": 15, "fields": {"name": "Can delete user", "content_type": 4, "codename": "delete_user"}}, {"model": "auth.permission", "pk": 16, "fields": {"name": "Can view user", "content_type": 4, "codename": "view_user"}}, {"model": "auth.permission", "pk": 17, "fields": {"name": "Can add content type", "content_type": 5, "codename": "add_contenttype"}}, {"model": "auth.permission", "pk": 18, "fields": {"name": "Can change content type", "content_type": 5, "codename": "change_contenttype"}}, {"model": "auth.permission", "pk": 19, "fields": {"name": "Can delete content type", "content_type": 5, "codename": "delete_contenttype"}}, {"model": "auth.permission", "pk": 20, "fields": {"name": "Can view content type", "content_type": 5, "codename": "view_contenttype"}}, {"model": "auth.permission", "pk": 21, "fields": {"name": "Can add session", "content_type": 6, "codename": "add_session"}}, {"model": "auth.permission", "pk": 22, "fields": {"name": "Can change session", "content_type": 6, "codename": "change_session"}}, {"model": "auth.permission", "pk": 23, "fields": {"name": "Can delete session", "content_type": 6, "codename": "delete_session"}}, {"model": "auth.permission", "pk": 24, "fields": {"name": "Can view session", "content_type": 6, "codename": "view_session"}}, {"model": "auth.permission", "pk": 25, "fields": {"name": "Can add phone", "content_type": 7, "codename": "add_phone"}}, {"model": "auth.permission", "pk": 26, "fields": {"name": "Can change phone", "content_type": 7, "codename": "change_phone"}}, {"model": "auth.permission", "pk": 27, "fields": {"name": "Can delete phone", "content_type": 7, "codename": "delete_phone"}}, {"model": "auth.permission", "pk": 28, "fields": {"name": "Can view phone", "content_type": 7, "codename": "view_phone"}}, {"model": "auth.permission", "pk": 29, "fields": {"name": "Can add we can help you", "content_type": 8, "codename": "add_wecanhelpyou"}}, {"model": "auth.permission", "pk": 30, "fields": {"name": "Can change we can help you", "content_type": 8, "codename": "change_wecanhelpyou"}}, {"model": "auth.permission", "pk": 31, "fields": {"name": "Can delete we can help you", "content_type": 8, "codename": "delete_wecanhelpyou"}}, {"model": "auth.permission", "pk": 32, "fields": {"name": "Can view we can help you", "content_type": 8, "codename": "view_wecanhelpyou"}}, {"model": "auth.permission", "pk": 33, "fields": {"name": "Can add cart companion", "content_type": 9, "codename": "add_cartcompanion"}}, {"model": "auth.permission", "pk": 34, "fields": {"name": "Can change cart companion", "content_type": 9, "codename": "change_cartcompanion"}}, {"model": "auth.permission", "pk": 35, "fields": {"name": "Can delete cart companion", "content_type": 9, "codename": "delete_cartcompanion"}}, {"model": "auth.permission", "pk": 36, "fields": {"name": "Can view cart companion", "content_type": 9, "codename": "view_cartcompanion"}}, {"model": "auth.permission", "pk": 37, "fields": {"name": "Can add article", "content_type": 10, "codename": "add_article"}}, {"model": "auth.permission", "pk": 38, "fields": {"name": "Can change article", "content_type": 10, "codename": "change_article"}}, {"model": "auth.permission", "pk": 39, "fields": {"name": "Can delete article", "content_type": 10, "codename": "delete_article"}}, {"model": "auth.permission", "pk": 40, "fields": {"name": "Can view article", "content_type": 10, "codename": "view_article"}}, {"model": "auth.permission", "pk": 41, "fields": {"name": "Can add comment", "content_type": 11, "codename": "add_comment"}}, {"model": "auth.permission", "pk": 42, "fields": {"name": "Can change comment", "content_type": 11, "codename": "change_comment"}}, {"model": "auth.permission", "pk": 43, "fields": {"name": "Can delete comment", "content_type": 11, "codename": "delete_comment"}}, {"model": "auth.permission", "pk": 44, "fields": {"name": "Can view comment", "content_type": 11, "codename": "view_comment"}}, {"model": "auth.permission", "pk": 45, "fields": {"name": "Can add site field", "content_type": 12, "codename": "add_sitefield"}}, {"model": "auth.permission", "pk": 46, "fields": {"name": "Can change site field", "content_type": 12, "codename": "change_sitefield"}}, {"model": "auth.permission", "pk": 47, "fields": {"name": "Can delete site field", "content_type": 12, "codename": "delete_sitefield"}}, {"model": "auth.permission", "pk": 48, "fields": {"name": "Can view site field", "content_type": 12, "codename": "view_sitefield"}}, {"model": "auth.permission", "pk": 49, "fields": {"name": "Can add order", "content_type": 13, "codename": "add_order"}}, {"model": "auth.permission", "pk": 50, "fields": {"name": "Can change order", "content_type": 13, "codename": "change_order"}}, {"model": "auth.permission", "pk": 51, "fields": {"name": "Can delete order", "content_type": 13, "codename": "delete_order"}}, {"model": "auth.permission", "pk": 52, "fields": {"name": "Can view order", "content_type": 13, "codename": "view_order"}}, {"model": "auth.permission", "pk": 53, "fields": {"name": "Can add cart companion support", "content_type": 14, "codename": "add_cartcompanionsupport"}}, {"model": "auth.permission", "pk": 54, "fields": {"name": "Can change cart companion support", "content_type": 14, "codename": "change_cartcompanionsupport"}}, {"model": "auth.permission", "pk": 55, "fields": {"name": "Can delete cart companion support", "content_type": 14, "codename": "delete_cartcompanionsupport"}}, {"model": "auth.permission", "pk": 56, "fields": {"name": "Can view cart companion support", "content_type": 14, "codename": "view_cartcompanionsupport"}}, {"model": "auth.permission", "pk": 57, "fields": {"name": "Can add order support", "content_type": 15, "codename": "add_ordersupport"}}, {"model": "auth.permission", "pk": 58, "fields": {"name": "Can change order support", "content_type": 15, "codename": "change_ordersupport"}}, {"model": "auth.permission", "pk": 59, "fields": {"name": "Can delete order support", "content_type": 15, "codename": "delete_ordersupport"}}, {"model": "auth.permission", "pk": 60, "fields": {"name": "Can view order support", "content_type": 15, "codename": "view_ordersupport"}}, {"model": "auth.permission", "pk": 61, "fields": {"name": "Can add type", "content_type": 16, "codename": "add_type"}}, {"model": "auth.permission", "pk": 62, "fields": {"name": "Can change type", "content_type": 16, "codename": "change_type"}}, {"model": "auth.permission", "pk": 63, "fields": {"name": "Can delete type", "content_type": 16, "codename": "delete_type"}}, {"model": "auth.permission", "pk": 64, "fields": {"name": "Can view type", "content_type": 16, "codename": "view_type"}}, {"model": "auth.permission", "pk": 65, "fields": {"name": "Can add view", "content_type": 17, "codename": "add_view"}}, {"model": "auth.permission", "pk": 66, "fields": {"name": "Can change view", "content_type": 17, "codename": "change_view"}}, {"model": "auth.permission", "pk": 67, "fields": {"name": "Can delete view", "content_type": 17, "codename": "delete_view"}}, {"model": "auth.permission", "pk": 68, "fields": {"name": "Can view view", "content_type": 17, "codename": "view_view"}}, {"model": "auth.permission", "pk": 69, "fields": {"name": "Can add route", "content_type": 18, "codename": "add_route"}}, {"model": "auth.permission", "pk": 70, "fields": {"name": "Can change route", "content_type": 18, "codename": "change_route"}}, {"model": "auth.permission", "pk": 71, "fields": {"name": "Can delete route", "content_type": 18, "codename": "delete_route"}}, {"model": "auth.permission", "pk": 72, "fields": {"name": "Can view route", "content_type": 18, "codename": "view_route"}}, {"model": "auth.user", "pk": 1, "fields": {"password": "pbkdf2_sha256$216000$SjVVTe79E882$vWOexqbS+Z9mLch/My/6Q0Br9zdxyvE2DWTzXzy3HrU=", "last_login": "2020-08-18T12:58:13.704Z", "is_superuser": true, "username": "diabl", "first_name": "", "last_name": "", "email": "", "is_staff": true, "is_active": true, "date_joined": "2020-07-27T09:50:05.213Z", "groups": [], "user_permissions": []}}, {"model": "auth.user", "pk": 3, "fields": {"password": "pbkdf2_sha256$180000$6RgaX1vDbslu$k5Qn8ZpNaEn0CdCDxx5bJd4d2Zd/+hxoUVtTOhgG+ao=", "last_login": "2020-08-15T17:03:23.895Z", "is_superuser": false, "username": "std_user", "first_name": "", "last_name": "", "email": "std_user@example.com", "is_staff": false, "is_active": true, "date_joined": "2020-08-15T15:06:02Z", "groups": [], "user_permissions": []}}, {"model": "auth.user", "pk": 4, "fields": {"password": "pbkdf2_sha256$180000$nlR05H21HGm5$BjOrt/IcwCK2IPoF71Jk5lyAjsvuU/Gd/sK7rJLpeTk=", "last_login": null, "is_superuser": true, "username": "admin", "first_name": "", "last_name": "", "email": "", "is_staff": true, "is_active": true, "date_joined": "2020-08-16T09:20:31.510Z", "groups": [], "user_permissions": []}}, {"model": "contenttypes.contenttype", "pk": 1, "fields": {"app_label": "admin", "model": "logentry"}}, {"model": "contenttypes.contenttype", "pk": 2, "fields": {"app_label": "auth", "model": "permission"}}, {"model": "contenttypes.contenttype", "pk": 3, "fields": {"app_label": "auth", "model": "group"}}, {"model": "contenttypes.contenttype", "pk": 4, "fields": {"app_label": "auth", "model": "user"}}, {"model": "contenttypes.contenttype", "pk": 5, "fields": {"app_label": "contenttypes", "model": "contenttype"}}, {"model": "contenttypes.contenttype", "pk": 6, "fields": {"app_label": "sessions", "model": "session"}}, {"model": "contenttypes.contenttype", "pk": 7, "fields": {"app_label": "shop", "model": "phone"}}, {"model": "contenttypes.contenttype", "pk": 8, "fields": {"app_label": "shop", "model": "wecanhelpyou"}}, {"model": "contenttypes.contenttype", "pk": 9, "fields": {"app_label": "shop", "model": "cartcompanion"}}, {"model": "contenttypes.contenttype", "pk": 10, "fields": {"app_label": "shop", "model": "article"}}, {"model": "contenttypes.contenttype", "pk": 11, "fields": {"app_label": "shop", "model": "comment"}}, {"model": "contenttypes.contenttype", "pk": 12, "fields": {"app_label": "shop", "model": "sitefield"}}, {"model": "contenttypes.contenttype", "pk": 13, "fields": {"app_label": "shop", "model": "order"}}, {"model": "contenttypes.contenttype", "pk": 14, "fields": {"app_label": "shop", "model": "cartcompanionsupport"}}, {"model": "contenttypes.contenttype", "pk": 15, "fields": {"app_label": "shop", "model": "ordersupport"}}, {"model": "contenttypes.contenttype", "pk": 16, "fields": {"app_label": "shop", "model": "type"}}, {"model": "contenttypes.contenttype", "pk": 17, "fields": {"app_label": "shop", "model": "view"}}, {"model": "contenttypes.contenttype", "pk": 18, "fields": {"app_label": "shop", "model": "route"}}, {"model": "sessions.session", "pk": "13ka56sm6mowgnfon7ybvrpa7v7ktefs", "fields": {"session_data": "YzAwNzM4YWQ3YWZhODcxZTVlNGVmNDIzMTBmOTg5MzE1NzZlN2NlMzp7fQ==", "expire_date": "2020-08-30T10:51:02.877Z"}}, {"model": "sessions.session", "pk": "3cxr2obwvuynmkp5nu33anf3en8k2wv1", "fields": {"session_data": "MGUxMzA4NDM0MTMxMTg4MDY4ZjU4MWJhZTUzOTY3MzkxZTBjYmY4Mjp7Il9hdXRoX3VzZXJfaWQiOiIxIiwiX2F1dGhfdXNlcl9iYWNrZW5kIjoiZGphbmdvLmNvbnRyaWIuYXV0aC5iYWNrZW5kcy5Nb2RlbEJhY2tlbmQiLCJfYXV0aF91c2VyX2hhc2giOiIxMGJiMjEyY2IwNGJlNjRmNjUxMTIxNTBjNTFkMDYxNjQ0M2U0NDRmIn0=", "expire_date": "2020-08-10T09:50:25.317Z"}}, {"model": "sessions.session", "pk": "48m5by9lc5js4mkm136ggtzt7ywhqqqf", "fields": {"session_data": "NTFhNzBkZGVjMDVjN2VkNjRhNjBmNjIzMzA0NWY3NDgyMzdlMmIwYzp7Il9hdXRoX3VzZXJfaWQiOiIyIiwiX2F1dGhfdXNlcl9iYWNrZW5kIjoiZGphbmdvLmNvbnRyaWIuYXV0aC5iYWNrZW5kcy5Nb2RlbEJhY2tlbmQiLCJfYXV0aF91c2VyX2hhc2giOiI0NGQwNTdkZjhhODQ1M2FjMzhlNjYwNmI3MDAxNTgwZWE2OTJlYzczIn0=", "expire_date": "2020-08-27T05:01:57.391Z"}}, {"model": "sessions.session", "pk": "jnen18bjdjw42ko1pg8wbjwb2n6fedv2", "fields": {"session_data": "e30:1kBEMZ:LVnmLfDkVubcPlpZr6SKDhfva5djTgI-SjgNdffCMPM", "expire_date": "2020-09-10T09:38:31.880Z"}}, {"model": "sessions.session", "pk": "jp8dw3n4r29phwikz597js7yg7pxy841", "fields": {"session_data": "M2Y1OGJjOWZjZjYyZThlMWYzM2U1YzFjZDVkNmY3YWYzODBkODJiOTp7Il9hdXRoX3VzZXJfaWQiOiIxIiwiX2F1dGhfdXNlcl9iYWNrZW5kIjoiZGphbmdvLmNvbnRyaWIuYXV0aC5iYWNrZW5kcy5Nb2RlbEJhY2tlbmQiLCJfYXV0aF91c2VyX2hhc2giOiJlZDM0MDYyMWEzNWI3ODhlMGNiNmVhNDUwMmI5MGE3YjE1ZjBkZWFlIn0=", "expire_date": "2020-08-30T12:20:26.777Z"}}, {"model": "sessions.session", "pk": "y4b50rfyk0lcoe109b6linhau59qnakp", "fields": {"session_data": "M2Y1OGJjOWZjZjYyZThlMWYzM2U1YzFjZDVkNmY3YWYzODBkODJiOTp7Il9hdXRoX3VzZXJfaWQiOiIxIiwiX2F1dGhfdXNlcl9iYWNrZW5kIjoiZGphbmdvLmNvbnRyaWIuYXV0aC5iYWNrZW5kcy5Nb2RlbEJhY2tlbmQiLCJfYXV0aF91c2VyX2hhc2giOiJlZDM0MDYyMWEzNWI3ODhlMGNiNmVhNDUwMmI5MGE3YjE1ZjBkZWFlIn0=", "expire_date": "2020-08-29T05:07:21.075Z"}}, {"model": "shop.phone", "pk": 1, "fields": {"name": "Nexus 5X", "description": "Неплохой телефон", "staticpath": "shop/nexus5x.webp", "visible_status": "v", "type": "phone"}}, {"model": "shop.phone", "pk": 2, "fields": {"name": "iPhone 7", "description": "Телефон с яблоком", "staticpath": "shop/iphone7.webp", "visible_status": "v", "type": "phone"}}, {"model": "shop.phone", "pk": 3, "fields": {"name": "Pixel 2", "description": "Классная камера", "staticpath": "shop/pixel2.webp", "visible_status": "v", "type": "phone"}}, {"model": "shop.phone", "pk": 4, "fields": {"name": "Samsung Galaxy S8", "description": "Жалко, но этот телефон остался без описания", "staticpath": "shop/samsungs8.webp", "visible_status": "v", "type": "phone"}}, {"model": "shop.phone", "pk": 5, "fields": {"name": "Xiaomi Redmi Note 7", "description": "Смартфон Xiaomi Redmi Note 7 не только многофункциональный, но и очень практичный. Операционная система Android 9 и 8-ми ядерный процессор обеспечат быструю и долговременную работу устройства. А дисплей IPS и защитное стекло Corning Gorilla Glass 5 надежно защитят от образования царапин, а также будут быстро реагировать на нажатие. Благодаря встроенной памяти на 128 Гб вы можете сохранить не только изображение, видео и музыку, но и множество различных приложений.", "staticpath": "shop/redminote7.jpg", "visible_status": "v", "type": "phone"}}, {"model": "shop.phone", "pk": 6, "fields": {"name": "Nokia 5.3", "description": "Использовать две сим-карты одновременно, комфортно разговаривать и серфить в сети, поможет смартфон NOKIA 5.3. В нем установлен производительный восьмиядерный процессор Qualcomm Snapdragon 665, который совместно с операционной системой Android 10 и 3 Гб оперативной памяти гарантирует скорость выполнения всех команд. Устройство не зависает даже при работе сложных приложений. Гаджет является по-настоящему многофункциональным.", "staticpath": "shop/nokia53.jpeg", "visible_status": "v", "type": "phone"}}, {"model": "shop.phone", "pk": 7, "fields": {"name": "Honor 20 Lite", "description": "Смартфон HONOR 20 Lite 128Gb в переливающемся бирюзовом цвете помимо эффектного внешнего вида отличается обширным функционалом. Благодаря оперативной памяти в 4 Гб и 8-ядерному процессору система быстро реагирует на действия пользователя, позволяя работать даже в режиме многозадачности. С хранением файлов и установкой приложений также не будет проблем — встроенная память на 128 Гб вместит даже объемные видео.", "staticpath": "shop/honor20lite.jpg", "visible_status": "v", "type": "phone"}}, {"model": "shop.phone", "pk": 8, "fields": {"name": "Фуфайка", "description": "Лучшая одежда для лета.", "staticpath": "shop/fufajka.jpg", "visible_status": "v", "type": "accessory"}}, {"model": "shop.phone", "pk": 9, "fields": {"name": "Nintendo Switch", "description": "Nintendo Switch можно подключить к телевизору и играть на ней, как на традиционной домашней консоли. Но на самом деле вы можете выбирать из трех различных игровых режимов в зависимости от ситуации.", "staticpath": "shop/consoles/nintendoswitch.jpg", "visible_status": "v", "type": "console"}}, {"model": "shop.phone", "pk": 10, "fields": {"name": "Nintendo Switch Lite", "description": "Nintendo Switch Lite — новое пополнение в семействе Nintendo Switch. Компактная и легкая консоль со встроенным управлением.\r\nNintendo Switch Lite поддерживает все игры Nintendo Switch, в которые можно играть в портативном режиме. Консоль отлично подойдет для тех, кто много играет вне дома, и для тех, кто хочет играть в сетевом или локальном мультиплеере с друзьями и родными, у которых уже есть флагманская модель Nintendo Switch", "staticpath": "shop/consoles/nintendoswitchlite.jpg", "visible_status": "v", "type": "console"}}, {"model": "shop.phone", "pk": 11, "fields": {"name": "Xbox One X", "description": "Xbox One X — это более мощная, готовая к работе в разрешении 4K версия Xbox One. Она поддерживает все игры и аксессуары для Xbox One, но также способна запускать некоторые игры в 4K и обеспечивает более быстрое время загрузки и более высокую чёткость изображения на панелях с разрешением 1080p. Во многом она похожа на Xbox One S, но её корпус будет ещё тоньше. Как и One S, она также способна воспроизводить диски Blu-Ray с разрешением 4K.", "staticpath": "shop/consoles/xboxonex.jpg", "visible_status": "v", "type": "console"}}, {"model": "shop.phone", "pk": 12, "fields": {"name": "Xbox One S", "description": "Xbox – это лучший выбор для вашей семьи. Игровой консоли Xbox есть что предложить для всех возрастов и интересов, и она будет развиваться вместе с вашей семьей. Единственная консоль, на которой вы сможете насладиться лучшими играми прошлого, настоящего и будущего. Насладитесь более чем 1300 прекрасными играми от крупнейших блокбастеров и самых популярных франшиз до трех поколений самых любимых игр прошлого, с которыми теперь можно познакомиться или поиграть еще раз.", "staticpath": "shop/consoles/xboxones.jpg", "visible_status": "v", "type": "console"}}, {"model": "shop.phone", "pk": 13, "fields": {"name": "PlayStation 4 Pro", "description": "Игры оживают на PS4 Pro. Быстрее, мощнее и с поддержкой игры в 4K", "staticpath": "shop/consoles/ps4pro.jpg", "visible_status": "v", "type": "console"}}, {"model": "shop.phone", "pk": 14, "fields": {"name": "PlayStation 4 Slim", "description": "О PlayStation 4 Slim, в принципе, стоит сказать кратко: это уменьшенная версия оригинальной «четвёрки», у неё меньше шума, выглядит она стильно, модно, а главное – приходит на замену уже привычной трёхгодовалой PlayStation 4. Да, больше мы PS4 в привычном исполнении не увидим. Подвинься, старушка, грядёт новое поколение.", "staticpath": "shop/consoles/ps4slim.jpg", "visible_status": "v", "type": "console"}}, {"model": "shop.phone", "pk": 15, "fields": {"name": "27” LED-монитор F27T850QWI", "description": "Идеальная рабочая среда для профессиональной работы. Высококачественная IPS панель обеспечивает исключительную четкость текста, изображения и цвета.", "staticpath": "shop/smonitor.jpg", "visible_status": "v", "type": "monitor"}}, {"model": "shop.cartcompanion", "pk": 5, "fields": {"user": 1}}, {"model": "shop.article", "pk": 1, "fields": {"title": "Добро пожаловать на сайт просто магазина", "content": "Лучшие мобилы только у нас:", "pub_date": "2020-08-15T07:18:07Z", "visible_status": "v", "phones": [1, 2, 3]}}, {"model": "shop.article", "pk": 2, "fields": {"title": "Не знаете что одеть летом?", "content": "Вот что мы можем предложить:", "pub_date": "2020-08-16T07:18:07.481Z", "visible_status": "v", "phones": [8]}}, {"model": "shop.article", "pk": 3, "fields": {"title": "Подборка телефонов", "content": "Просто 4 телефона", "pub_date": "2020-08-16T07:25:03Z", "visible_status": "i", "phones": [1, 2, 3, 4]}}, {"model": "shop.comment", "pk": 1, "fields": {"author": "Иван", "content": "Топовая консоль с топовыми играми! Zelda One Love!", "ratio": "a", "phone": 9, "visible_status": "v", "pub_date": "2020-08-16T12:38:12.566Z"}}, {"model": "shop.comment", "pk": 2, "fields": {"author": "Миша", "content": "Нету игр с Ray Tracing", "ratio": "d", "phone": 9, "visible_status": "v", "pub_date": "2020-08-14T12:38:12Z"}}, {"model": "shop.sitefield", "pk": 1, "fields": {"name": "Главная", "is_dropdown": false, "handler": "/", "exclude": true, "view": "main_view", "main": true, "visible_status": "v", "phone_type": null, "dropdown_fields": []}}, {"model": "shop.sitefield", "pk": 2, "fields": {"name": "Смартфоны", "is_dropdown": true, "handler": "/smartphones/", "exclude": false, "view": null, "main": false, "visible_status": "v", "phone_type": "phone", "dropdown_fields": []}}, {"model": "shop.sitefield", "pk": 3, "fields": {"name": "Гаджеты", "is_dropdown": true, "handler": "#", "exclude": false, "view": null, "main": true, "visible_status": "v", "phone_type": null, "dropdown_fields": [2, 5, 6]}}, {"model": "shop.sitefield", "pk": 4, "fields": {"name": "Аксессуары", "is_dropdown": false, "handler": "/smartphones/", "exclude": false, "view": null, "main": true, "visible_status": "v", "phone_type": "accessory", "dropdown_fields": []}}, {"model": "shop.sitefield", "pk": 5, "fields": {"name": "Консоли", "is_dropdown": false, "handler": "/smartphones/", "exclude": false, "view": null, "main": false, "visible_status": "v", "phone_type": "console", "dropdown_fields": []}}, {"model": "shop.sitefield", "pk": 6, "fields": {"name": "Мониторы", "is_dropdown": false, "handler": "/smartphones/", "exclude": false, "view": null, "main": false, "visible_status": "v", "phone_type": "monitor", "dropdown_fields": []}}, {"model": "shop.order", "pk": 2, "fields": {"user": 1, "date": "2020-08-16T14:05:38.700Z"}}, {"model": "shop.order", "pk": 3, "fields": {"user": 1, "date": "2020-08-16T16:10:45.070Z"}}, {"model": "shop.order", "pk": 4, "fields": {"user": 1, "date": "2020-08-18T18:49:01.856Z"}}, {"model": "shop.cartcompanionsupport", "pk": 11, "fields": {"cart": 5, "phones": 2, "count": 1}}, {"model": "shop.ordersupport", "pk": 1, "fields": {"cart": 2, "phones": 13, "count": 2}}, {"model": "shop.ordersupport", "pk": 2, "fields": {"cart": 2, "phones": 10, "count": 4}}, {"model": "shop.ordersupport", "pk": 3, "fields": {"cart": 3, "phones": 13, "count": 2}}, {"model": "shop.ordersupport", "pk": 4, "fields": {"cart": 3, "phones": 10, "count": 4}}, {"model": "shop.ordersupport", "pk": 5, "fields": {"cart": 3, "phones": 14, "count": 1}}, {"model": "shop.ordersupport", "pk": 6, "fields": {"cart": 3, "phones": 15, "count": 1}}, {"model": "shop.ordersupport", "pk": 7, "fields": {"cart": 3, "phones": 4, "count": 1}}, {"model": "shop.ordersupport", "pk": 8, "fields": {"cart": 4, "phones": 9, "count": 1}}, {"model": "shop.ordersupport", "pk": 9, "fields": {"cart": 4, "phones": 13, "count": 1}}, {"model": "shop.ordersupport", "pk": 10, "fields": {"cart": 4, "phones": 11, "count": 1}}]